{
  "inputs": [
    -3.141592653589793,
    -2.443460952792061,
    -1.7453292519943295,
    -1.0471975511965979,
    -0.34906585039886595,
    0.34906585039886595,
    1.0471975511965974,
    1.7453292519943293,
    2.443460952792061,
    3.141592653589793
  ],
  "outputs": [
    -0.28058660373281796,
    0.37324443157980675,
    0.7316548089955508,
    0.5568066270565231,
    0.44654690431465677,
    0.44654690431465677,
    0.556806627056523,
    0.7316548089955499,
    0.37324443157980675,
    -0.28058660373281796
  ],
  "std": 0.344883760309594,
  "variation": 1.0122414127283688,
  "threshold_std": 0.05,
  "passed": true
}