{
  "inputs": [
    -3.141592653589793,
    -2.443460952792061,
    -1.7453292519943295,
    -1.0471975511965979,
    -0.34906585039886595,
    0.34906585039886595,
    1.0471975511965974,
    1.7453292519943293,
    2.443460952792061,
    3.141592653589793
  ],
  "outputs": [
    0.19070086730038516,
    0.339347260903618,
    0.6102665159777046,
    0.35171261418653743,
    0.32291665443594225,
    0.32291665443594225,
    0.35171261418653665,
    0.610266515977704,
    0.339347260903618,
    0.19070086730038516
  ],
  "std": 0.13647069440763335,
  "variation": 0.4195656486773195,
  "threshold_std": 0.05,
  "passed": true
}